Key;Item Type;Publication Year;Author;Title;categoría recurrente;CSF principal;Takeaway;Abstract;Publication Title;Citations;ISSN;DOI;Url;Year;Date Added;Date Modified;Access Date;Pages;Issue;Volume;Journal Abbreviation
IWLN8PA5;journalArticle;2022;"Żebrowski, Piotr; Couce‐Vieira, Aitor; Mancuso, Alessandro";A Bayesian Framework for the Analysis and Optimal Mitigation of Cyber Threats to Cyber‐Physical Systems;Financial optimization and efficient allocation of resources;Optimización basada en modelos probabilísticos para inversión eficaz en ciberseguridad;Our Bayesian network-based framework optimizes cybersecurity resources by considering potential synergies and minimizing cyberattack impacts while meeting budget constraints.;"Critical infrastructures are increasingly reliant on information and communications technology (ICT) for more efficient operations, which, at the same time, exposes them to cyber threats. As the frequency and severity of cyberattacks are increasing, so are the costs of critical infrastructure security. Efficient allocation of resources is thus a crucial issue for cybersecurity. A common practice in managing cyber threats is to conduct a qualitative analysis of individual attack scenarios through risk matrices, prioritizing the scenarios according to their perceived urgency and addressing them in order until all the resources available for cybersecurity are spent. Apart from methodological caveats, this approach may lead to suboptimal resource allocations, given that potential synergies between different attack scenarios and among available security measures are not taken into consideration. To overcome this shortcoming, we propose a quantitative framework that features: (1) a more holistic picture of the cybersecurity landscape, represented as a Bayesian network (BN) that encompasses multiple attack scenarios and thus allows for a better appreciation of vulnerabilities; and (2) a multiobjective optimization model built on top of the said BN that explicitly represents multiple dimensions of the potential impacts of successful cyberattacks. Our framework adopts a broader perspective than the standard cost-benefit analysis and allows the formulation of more nuanced security objectives. We also propose a computationally efficient algorithm that identifies the set of Pareto-optimal portfolios of security measures that simultaneously minimize various types of expected cyberattack impacts, while satisfying budgetary and other constraints. We illustrate our framework with a case study of electric power grids.";Risk Analysis;25;0272-4332, 1539-6924;10.1111/risa.13900;https://onlinelibrary.wiley.com/doi/10.1111/risa.13900;2022;12/4/2026 22:56;12/4/2026 22:56;12/4/2026 22:56;2275-2290;10;42;Risk Analysis
FEKZI948;journalArticle;2023;Melaku, Henock Mulugeta;A Dynamic and Adaptive Cybersecurity Governance Framework;Governance and adaptive leadership in cybersecurity;Gobernanza adaptativa y dinámica como base para enfrentar amenazas emergentes;A simple, dynamic, and adaptive cybersecurity governance framework is proposed that addresses current and future technology and threat landscapes, while ensuring strategic direction and optimal resource utilization.;"Cybersecurity protects cyberspace from a wide range of cyber threats to reduce overall business risk, ensure business continuity, and maximize business opportunities and return on investments. Cybersecurity is well achieved by using appropriate sets of security governance frameworks. To this end, various Information Technology (IT) and cybersecurity governance frameworks have been reviewed along with their benefits and limitations. The major limitations of the reviewed frameworks are; they are complex and have complicated structures to implement, they are expensive and require high skill IT and security professionals. Moreover, the frameworks require many requirement checklists for implementation and auditing purposes and a lot of time and resources. To fill the limitations mentioned above, a simple, dynamic, and adaptive cybersecurity governance framework is proposed that provides security related strategic direction, ensures that security risks are managed appropriately, and ensures that organizations’ resources are utilized optimally. The framework incorporated different components not considered in the existing frameworks, such as research and development, public-private collaboration framework, regional and international cooperation framework, incident management, business continuity, disaster recovery frameworks, and compliance with laws and regulations. Moreover, the proposed framework identifies and includes some of the existing frameworks’ missed and overlapped components, processes, and activities. It has nine components, five activities, four outcomes, and seven processes. Performance metrics, evaluation, and monitoring techniques are also proposed. Moreover, it follows a risk based approach to address the current and future technology and threat landscapes. The design science research method was used in this research study to solve the problem mentioned. Using the design science research method, the problem was identified. Based on the problem, research objectives were articulated; the objective of this research was solved by developing a security governance framework considering different factors which were not addressed in the current works. Finally, performance metrics were proposed to evaluate the implementation of the governance framework.";Journal of Cybersecurity and Privacy;40;2624-800X;10.3390/jcp3030017;https://www.mdpi.com/2624-800X/3/3/17;2023;12/4/2026 22:53;12/4/2026 22:53;12/4/2026 22:53;327-350;3;3;JCP
C2IGM2GC;journalArticle;2022;Sawik, Tadeusz;A linear model for optimal cybersecurity investment in Industry 4.0 supply chains;Financial optimization and efficient allocation of resources;Uso de modelos matemáticos para maximizar retorno y eficiencia en la inversión en ciberseguridad;The linear optimisation model optimizes cybersecurity investment in Industry 4.0 supply chains, minimizing investment and expected loss costs from security breaches.;This paper presents a mixed integer linear programming formulation for optimisation of cybersecurity investment in Industry 4.0 supply chains. Using a recursive linearisation procedure, a complex nonlinear stochastic combinatorial optimisation model with a classical exponential function of breach probability is transformed into its linear equivalent. The obtained linear optimisation model is capable of selecting optimal portfolio of security safeguards to minimise cybersecurity investment and expected cost of losses from security breaches in a supply chain. The new efficiency measures of cybersecurity investment are introduced: cybersecurity value and cybersecurity ratio. In addition, the proposed linear model has been enhanced for the Hurwicz-type, best–worst criterion to minimise a convex combination of the minimal and the maximal supply chain node vulnerability, under limited budget. The resulting compromise cybersecurity investment aims at balancing vulnerability over the entire supply chain, independent of cyberattack probabilities and potential losses by security breaches, thereby hardening the weaker critical nodes. The findings indicate a crucial role of intrinsic vulnerability, determined by the architecture of Industry 4.0 supply chain, and highlight ‘design for cybersecurity’ as an important emerging area of research.;International Journal of Production Research;51;0020-7543, 1366-588X;10.1080/00207543.2020.1856442;https://www.tandfonline.com/doi/full/10.1080/00207543.2020.1856442;2020;12/4/2026 22:58;12/4/2026 22:58;12/4/2026 22:58;1368-1385;4;60;International Journal of Production Research
MIDEHJWP;journalArticle;2022;"Silaule, Carol B.; Makhubele, Lean M.; Mamorobela, Stevens P.";A model to reduce insider cybersecurity threats in a South African telecommunications company;Organizational culture and internal awareness;Fomento de normas y cultura organizacional sólida para evitar amenazas internas;Personal cybersecurity norms positively influence individuals' attitudes towards misbehavior, significantly reducing insider threats in a South African telecommunications company.;Background: Cybersecurity breaches have become a growing challenge in today’s digital economy. Organisations are faced with the responsibility of protecting their information resources from cybersecurity threats, and insider threats are one of them. Organisations have sophisticated technologies to protect themselves against these attacks, and their employees are often less guarded when it comes to protecting valuable company information systems.Objectives: This research was aimed to develop and conceptualise a model to reduce cybersecurity insider threats in a South African telecommunication organisation.Method: This study was conducted using a survey research approach, where close-ended questionnaires were utilised to collect data from respondents. The collected data was then analysed using IBM Statistical Package for Social Science (SPSS).Results: The findings of the study indicated that personal norms in the domain of cybersecurity have a positive influence on individuals’ attitude towards engaging in cybersecurity misbehaviour, and this has a significant relationship with their reduction of insider threats (RIT).Conclusion: This study suggests that management should give close and thoughtful attention to factors that encourage their employees to engage in cybersecurity misbehaviour. As an efficient and effective approach to mitigate the risk of cybersecurity insider threats, identification and classification of these factors should be followed by proper planning with a goal of reducing their negative effect on employees’ behaviour.;SA Journal of Information Management;7;1560-683X, 2078-1865;10.4102/sajim.v24i1.1573;http://www.sajim.co.za/index.php/SAJIM/article/view/1573;2022;12/4/2026 22:57;12/4/2026 22:57;12/4/2026 22:57;;1;24;SA Journal of Information Management
B8SXMXJ9;journalArticle;2023;"Saeed, Saqib; Suayyid, Sarah A.; Al-Ghamdi, Manal S.; Al-Muhaisen, Hayfa; Almuhaideb, Abdullah M.";A Systematic Literature Review on Cyber Threat Intelligence for Organizational Cybersecurity Resilience;Focus on Threat Intelligence and Predictive Analytics (CTI);Integración y aplicación efectiva de inteligencia de amenazas (CTI) para anticipar y mitigar riesgos;Cyber threat intelligence (CTI) enhances organizational cybersecurity resilience by providing information on potential risks and opportunities, and a comprehensive framework for implementing it.;Cybersecurity is a significant concern for businesses worldwide, as cybercriminals target business data and system resources. Cyber threat intelligence (CTI) enhances organizational cybersecurity resilience by obtaining, processing, evaluating, and disseminating information about potential risks and opportunities inside the cyber domain. This research investigates how companies can employ CTI to improve their precautionary measures against security breaches. The study follows a systematic review methodology, including selecting primary studies based on specific criteria and quality valuation of the selected papers. As a result, a comprehensive framework is proposed for implementing CTI in organizations. The proposed framework is comprised of a knowledge base, detection models, and visualization dashboards. The detection model layer consists of behavior-based, signature-based, and anomaly-based detection. In contrast, the knowledge base layer contains information resources on possible threats, vulnerabilities, and dangers to key assets. The visualization dashboard layer provides an overview of key metrics related to cyber threats, such as an organizational risk meter, the number of attacks detected, types of attacks, and their severity level. This relevant systematic study also provides insight for future studies, such as how organizations can tailor their approach to their needs and resources to facilitate more effective collaboration between stakeholders while navigating legal/regulatory constraints related to information sharing.;Sensors;86;1424-8220;10.3390/s23167273;https://www.mdpi.com/1424-8220/23/16/7273;2023;12/4/2026 22:55;12/4/2026 22:55;12/4/2026 22:55;7273;16;23;Sensors
34TXFSAB;journalArticle;2025;"Alevizos, Lampis; Bhakuni, Lalit; Jäschke, Stefan";A value driven framework for cybersecurity innovation in transportation and infrastructure;Interagency collaboration and regulatory best practices;Cooperación interinstitucional y políticas colaborativas para fortalecer la resiliencia ante amenazas;This paper introduces a value-driven cybersecurity innovation framework for transportation and infrastructure sectors, fostering a culture of self-innovation and aligning cybersecurity initiatives with mission-critical objectives.;This paper introduces a value-driven cybersecurity innovation framework for the transportation and infrastructure sectors, as opposed to the traditional market-centric approaches that have dominated the field. Recontextualizing innovation categories into sustaining, incremental, disruptive, and transformative, we aim to foster a culture of self-innovation within organizations, enabling a strategic focus on cybersecurity measures that directly contribute to business value and strategic goals. This approach enhances operational effectiveness and efficiency of cyber defences primarily, while also aligns cybersecurity initiatives with mission-critical objectives. We detail a practical method for evaluating the business value of cybersecurity innovations and present a pragmatic approach for organizations to funnel innovative ideas in a structured and repeatable manner. Lastly, shifting the focus from general market appeal to sector-specific needs, our framework provides cybersecurity leaders with the strategic cyber-foresight necessary for prioritizing impactful initiatives, thereby making cybersecurity a core business enabler rather than a burden.;International Journal of Information Technology;3;2511-2104, 2511-2112;10.1007/s41870-024-02288-w;https://link.springer.com/10.1007/s41870-024-02288-w;2024;12/4/2026 22:45;12/4/2026 22:45;12/4/2026 22:45;321-331;1;17;Int. j. inf. tecnol.
GHMNEXMB;journalArticle;2022;Triplett, William J.;Addressing Human Factors in Cybersecurity Leadership;Financial optimization and efficient allocation of resources;Priorización basada en análisis de riesgos para decisiones sobre seguridad;Human factors, such as communication, interaction, and social environments, contribute to cybersecurity challenges, and addressing these factors through education, awareness, and communication can improve an organization's strategy.;"This article identifies human factors in workplaces that contribute to the challenges faced by cybersecurity leadership within organizations and discusses strategic communication, human–computer interaction, organizational factors, social environments, and security awareness training. Cybersecurity does not simply focus on information technology systems; it also considers how humans use information systems and susceptible actions leading to vulnerabilities. As cyber leaders begin to identify human behavior and processes and collaborate with individuals of the same mindset, an organization’s strategy can improve substantially. Cybersecurity has been an expanding focal point from the viewpoint of human factors. Human inaccuracy can be unintentional due to an inaccurate strategic implementation or accurate unsatisfactory plan implementation. A systematic literature review was conducted to realize unintentional human factors in cybersecurity leadership. The results indicate that humans were the weakest link during the transmission of secure data. Furthermore, specific complacent and unintentional behaviors were observed, enabled by the ignorance of leaders and employees. Therefore, the enforcement of cybersecurity focuses on education, awareness, and communication. A research agenda is outlined, highlighting a further need for interdisciplinary research. This study adopts an original approach by viewing security from a human perspective and assessing how people can reduce cybersecurity incidents.";Journal of Cybersecurity and Privacy;53;2624-800X;10.3390/jcp2030029;https://www.mdpi.com/2624-800X/2/3/29;2022;12/4/2026 22:57;12/4/2026 22:57;12/4/2026 22:57;573-586;3;2;JCP
GS4D76M4;journalArticle;2024;"El Amin, Habib; Samhat, Abed Ellatif; Chamoun, Maroun; Oueidat, Lina; Feghali, Antoine";An Integrated Approach to Cyber Risk Management with Cyber Threat Intelligence Framework to Secure Critical Infrastructure;Financial optimization and efficient allocation of resources;Medición y demostración del valor de la inversión en ciberseguridad en términos de continuidad del negocio;A new cyber risk management framework incorporating cyber threat intelligence can bridge the knowledge gap between adversaries and security practitioners, improving decision-making and defenses in critical infrastructure.;Emerging cyber threats’ sophistication, impact, and complexity rapidly evolve, confronting organizations with demanding challenges. This severe escalation requires a deeper understanding of adversary dynamics to develop enhanced defensive strategies and capabilities. Cyber threat actors’ advanced techniques necessitate a proactive approach to managing organizations’ risks and safeguarding cyberspace. Cyber risk management is one of the most efficient measures to anticipate cyber threats. However, it often relies on organizations’ contexts and overlooks adversaries, their motives, capabilities, and tactics. A new cyber risk management framework incorporating emergent information about the dynamic threat landscape is needed to overcome these limitations and bridge the knowledge gap between adversaries and security practitioners. Such information is the product of a cyber threat intelligence process that proactively delivers knowledge about cyber threats to inform decision-making and strengthen defenses. In this paper, we overview risk management and threat intelligence frameworks. Then, we highlight the necessity of integrating cyber threat intelligence and assessment in cyber risk management. After that, we propose a novel risk management framework with integrated threat intelligence on top of EBIOS Risk Manager. Finally, we apply the proposed framework in the scope of a national telecommunications organization.;Journal of Cybersecurity and Privacy;11;2624-800X;10.3390/jcp4020018;https://www.mdpi.com/2624-800X/4/2/18;2024;12/4/2026 22:45;12/4/2026 22:45;12/4/2026 22:45;357-381;2;4;JCP
R5MI9WXV;journalArticle;2022;"Kure, Halima Ibrahim; Islam, Shareeful; Mouratidis, Haralambos";An integrated cyber security risk management framework and risk predication for the critical infrastructure protection;Technology integration and automation;Impulso de innovación tecnológica (IA, automatización, aprendizaje profundo) como catalizador de protección;The i-CSRM framework effectively identifies critical assets, predicts risk types, and assesses the effectiveness of existing controls in critical infrastructure protection.;Cyber security risk management plays an important role for today's businesses due to the rapidly changing threat landscape and the existence of evolving sophisticated cyber attacks. It is necessary for organisations, of any size, but in particular those that are associated with a critical infrastructure, to understand the risks, so that suitable controls can be taken for the overall business continuity and critical service delivery. There are a number of works that aim to develop systematic processes for risk assessment and management. However, the existing works have limited input from threat intelligence properties and evolving attack trends, resulting in limited contextual information related to cyber security risks. This creates a challenge, especially in the context of critical infrastructures, since attacks have evolved from technical to socio-technical and protecting against them requires such contextual information. This research proposes a novel integrated cyber security risk management (i-CSRM) framework that responds to that challenge by supporting systematic identification of critical assets through the use of a decision support mechanism built on fuzzy set theory, by predicting risk types through machine learning techniques, and by assessing the effectiveness of existing controls. The framework is composed of a language, a process, and it is supported by an automated tool. The paper also reports on the evaluation of our work to a real case study of a critical infrastructure. The results reveal that using the fuzzy set theory in assessing assets' criticality, our work supports stakeholders towards an effective risk management by assessing each asset's criticality. Furthermore, the results have demonstrated the machine learning classifiers' exemplary performance to predict different risk types including denial of service, cyber espionage and crimeware.;Neural Computing and Applications;86;0941-0643, 1433-3058;10.1007/s00521-022-06959-2;https://link.springer.com/10.1007/s00521-022-06959-2;2022;12/4/2026 22:52;12/4/2026 22:52;12/4/2026 22:52;15241-15271;18;34;Neural Comput & Applic
JEN2JA3J;journalArticle;2023;Bilen, Cenk Aksoy;Are critical success factors for cybersecurity just technical issues Cybersecurity management and the human factor;Interagency collaboration and regulatory best practices;Alianzas estratégicas con actores clave del ecosistema digital;Effective cybersecurity management requires both technical controls and the management of human factors, as over 85% of breaches are attributable to human factors.;"Purpose- With the rapid advancement of information and communication technologies, businesses are facing growing security risks. The prevalence, intensity, and complexity of cyber attacks worsen these vulnerabilities, leading to a rising focus on cybersecurity. Enterprises exposed to such cyberattacks might not only face considerable financial losses but also experience data breaches, operational interruptions, harm to their reputation, regulatory penalties, legal expenses, reduced competitive standing, and increased insurance premiums. In this concept study discusses the importance of human factors in cybersecurity management. While organizations spend billions on information technology systems and software to detect and prevent cyber threats, individuals play a critical role in managing these risks.
Methodology- Through a review of literature and statistical data, study examines the factors contributing to cybersecurity breaches, the allocation of resources to address them, and proposes potential solutions. 
Findings- In the workplace, most research on cybersecurity focuses on employees as the most important source of vulnerability. In the literature review, it is understood that an employee’s carelessness and lack of awareness pose the greatest risk to cybersecurity. However, businesses often fail to show sufficient attention to human behavior in their efforts to keep organizational data secure and to plan security strategies. It is important to note that effective cybersecurity management requires not only technical controls but also the management of human factors. Meanwhile, security expenditures in enterprises are often disproportionately allocated to technology investments, with 97% being spent on technology investments, despite the fact that over 85% of breaches are attributable to human factors.
Conclusion- In the literature review, it is understood that cybersecurity management is not only related to technical controls, but also the management of human factors is of critical importance. The management of individuals is also an essential cybersecurity responsibility. It is important to adopt a holistic approach to cybersecurity management includes both technical and human perspectives. Cybersecurity awareness has significant benefits for businesses to effectively manage cybersecurity which can be achieved by developing appropriate training programs and foster a cybersecurity culture. 

Keywords: Cybersecurity, cybersecurity management, cybersecurity awareness, technology investments, human factor
JEL Codes: M12, M15, L86
";Pressacademia;0;2146-7943;10.17261/Pressacademia.2023.1735;http://www.pressacademia.org/archives/rjbm/v10/i2/2.pdf;2023;12/4/2026 22:47;12/4/2026 22:47;12/4/2026 22:47;2;;;Pressacademia
VEHTXG3V;journalArticle;2021;"Onumo, Aristotle; Ullah-Awan, Irfan; Cullen, Andrea";Assessing the Moderating Effect of Security Technologies on Employees Compliance with Cybersecurity Control Procedures;Organizational culture and internal awareness;Gestión y actualización continua de competencias y habilidades del personal de ciberseguridad;Organizational leadership and cultural values significantly influence employee cybersecurity compliance, with security technologies moderating the impact of employee cognitive belief.;The increase in cybersecurity threats and the challenges for organisations to protect their information technology assets has made adherence to organisational security control processes and procedures a critical issue that needs to be adequately addressed. Drawing insight from organisational theory literature, we develop a multi-theory model, combining the elements of the theory of planned behaviour, competing value framework, and technology—organisational and environmental theory to examine how the organisational mechanisms interact with espoused cultural values and employee cognitive belief to influence cybersecurity control procedures. Using a structured questionnaire, we deployed structural equation modelling (SEM) to analyse the survey data obtained from public sector information technology organisations in Nigeria to test the hypothesis on the relationship of socio-organisational mechanisms and techno-cultural factors with other key determinants of employee security behaviour. The results showed that knowledge of cybersecurity and employee cognitive belief significantly influence the employees’ intentions to comply with organisational cybersecurity control mechanisms. The research further noted that the influence of organisational elements such as leadership on employee security behaviour is mediated by espoused cultural values while the impact of employee cognitive belief is moderated by security technologies. For effective cybersecurity compliance, leaders and policymakers are therefore to promote organisational security initiatives that ensure incorporation of cybersecurity principles and practices into job descriptions, routines, and processes. This study contributes to behavioural security research by highlighting the critical role of leadership and cultural values in fostering organisational adherence to prescribed security control mechanisms.;ACM Transactions on Management Information Systems;28;2158-656X, 2158-6578;10.1145/3424282;https://dl.acm.org/doi/10.1145/3424282;2021;12/4/2026 22:54;12/4/2026 22:54;12/4/2026 22:54;1-29;2;12;ACM Trans. Manage. Inf. Syst.
HTBRAE3P;journalArticle;2023;"Krawczyk-Sokołowska, Izabela; Caputa, Wiesława";Awareness of network security and customer value – The company and customer perspective;Financial optimization and efficient allocation of resources;Implementación de métricas claras y tangibles para evaluar desempeño en ciberseguridad;Awareness of network security, including threats, significantly impacts the value of customer relationships and the company's value in the digital age.;"The COVID 19 pandemic, by forcing the need to establish and develop relationships via the network, has significantly accelerated the process of digital transformation. For most enterprises, this means the need to change their business model.
The basis for each model is subjectively defined customer value. This value is both
the input and output of the whole process of building sustainable and profitable relationships with customers. It is believed that in the environment dominated by modern technologies based on the use of the network potential, the value of these relationships reflected in the dually estimated customer value is linked to the awareness of the network potential and the ability to use it.
On the basis of the analysis of the purchasing process in the e-commerce industry in Poland and the research, among others, carried out by banks and other scientific centers or institutions dealing with cybersecurity, it is demonstrated that the awareness of the network potential ought to be assessed not only through the prism of benefits that connect both parties with establishing and developing the relationship, but also threats arising from the need to use online mediated relationships.
It is believed that the use of the potential of virtual space, in which the customer moves, is determined by the awareness of the network potential, the integral component of which is the awareness of security of establishing, maintaining, and developing relationships. This factor, being directly linked to the risk of the relationship, does and will have a significant impact on the process of creating customer relations in the future and thus the company's value.";Technological Forecasting and Social Change;9;00401625;10.1016/j.techfore.2023.122430;https://linkinghub.elsevier.com/retrieve/pii/S0040162523001154;2023;12/4/2026 22:52;12/4/2026 22:52;12/4/2026 22:52;122430;;190;Technological Forecasting and Social Change
YV747KU9;journalArticle;2022;Sawik, Tadeusz;Balancing cybersecurity in a supply chain under direct and indirect cyber risks;Governance and adaptive leadership in cybersecurity;Estandarización mediante marcos regulatorios ajustados al sector telecomunicaciones;This paper presents a stochastic programming formulation for optimizing cybersecurity investments and selecting security controls in a multi-tier supply chain to balance direct and indirect cyber risks.;Cybersecurity is an essential requirement for the sustainability of global supply chains. In this paper, a stochastic programming formulation is presented for optimisation of cybersecurity investment and selection of security controls to mitigate and balance the impact of direct and indirect (propagated) cyber risks in a multi-tier supply chain. Using a network transformation combined with the first-order Taylor series approximation of natural logarithm to linearise the nonlinear constraints, a nonlinear stochastic combinatorial optimisation model is approximated by its linear equivalent. The problem objective is to determine an optimal cybersecurity investment under limited budget and portfolio of security controls for each supply chain node to balance the cybersecurity over the entire supply chain. The minmax objective functions are applied to minimise either the maximum breach probability or the maximum loss of supply chain nodes. Alternatively, maxmin objectives are used to maximise either the minimum non-breach probability or the minimum saving of loss. The proposed integrated modelling approach is illustrated with results of computational study and a comparison of approximated and exact solution values is presented. The decision-making insights are provided and discussed.;International Journal of Production Research;24;0020-7543, 1366-588X;10.1080/00207543.2021.1914356;https://www.tandfonline.com/doi/full/10.1080/00207543.2021.1914356;2021;12/4/2026 22:58;12/4/2026 22:58;12/4/2026 22:58;766-782;2;60;International Journal of Production Research
CXMT7VJS;journalArticle;2022;"Trim, Peter R. J.; Lee, Yang-Im";Combining Sociocultural Intelligence with Artificial Intelligence to Increase Organizational Cyber Security Provision through Enhanced Resilience;Governance and adaptive leadership in cybersecurity;Respuesta rápida y aprendizaje continuo post-incidente para minimizar impactos;Combining sociocultural intelligence with artificial intelligence can enhance organizational cyber security by enhancing resilience through a proactive approach to cyber security management.;Although artificial intelligence (AI) and machine learning (ML) can be deployed to improve cyber security management, not all managers understand the different types of AI/ML and how they are to be deployed alongside the benefits associated with sociocultural intelligence. The aim of this paper was to provide a context within which managers can better appreciate the role that sociocultural intelligence plays so that they can better utilize AI/ML to facilitate cyber threat intelligence (CTI). We focused our attention on explaining how different approaches to intelligence (i.e., the intelligence cycle (IC) and the critical thinking process (CTP)) can be combined and linked with cyber threat intelligence (CTI) so that AI/ML is used effectively. A small group interview was undertaken with five senior security managers based in a range of companies, all of whom had extensive security knowledge and industry experience. The findings suggest that organizational learning, transformational leadership, organizational restructuring, crisis management, and corporate intelligence are fundamental components of threat intelligence and provide a basis upon which a cyber threat intelligence cycle process (CTICP) can be developed to aid the resilience building process. The benefit of this is to increase organizational resilience by more firmly integrating the intelligence activities of the business so that a proactive approach to cyber security management is achieved.;Big Data and Cognitive Computing;24;2504-2289;10.3390/bdcc6040110;https://www.mdpi.com/2504-2289/6/4/110;2022;12/4/2026 22:57;12/4/2026 22:57;12/4/2026 22:57;110;4;6;BDCC
8H2Y3MY4;journalArticle;2023;"Safitra, Muhammad Fakhrul; Lubis, Muharman; Fakhrurroja, Hanif";Counterattacking Cyber Threats: A Framework for the Future of Cybersecurity;Organizational culture and internal awareness;Sensibilización y formación continua de usuarios finales;This framework focuses on integrating capabilities with resilience to enhance organizations' ability to predict, mitigate, respond, and recover from cyber disasters, emphasizing leadership, accountability, and innovation.;Amidst the rapid advancements in the digital landscape, the convergence of digitization and cyber threats presents new challenges for organizational security. This article presents a comprehensive framework that aims to shape the future of cyber security. This framework responds to the complexities of modern cyber threats and provides guidance to organizations to enhance their resilience. The primary focus lies in the integration of capabilities with resilience. By combining these elements into cyber security practices, organizations can improve their ability to predict, mitigate, respond to, and recover from cyber disasters. This article emphasizes the importance of organizational leadership, accountability, and innovation in achieving cyber resilience. As cyber threat challenges continue to evolve, this framework offers strategic guidance to address the intricate dynamics between digitization and cyber security, moving towards a safer and more robust digital environment in the future.;Sustainability;151;2071-1050;10.3390/su151813369;https://www.mdpi.com/2071-1050/15/18/13369;2023;12/4/2026 22:58;12/4/2026 22:58;12/4/2026 22:58;13369;18;15;Sustainability
FKZSVCNT;journalArticle;2023;"Tsiodra, Maria; Panda, Sakshyam; Chronopoulos, Michail; Panaousis, Emmanouil";Cyber Risk Assessment and Optimization: A Small Business Case Study;Technology integration and automation;Aplicación de enfoque holístico que integre procesos, personas y tecnología en la gestión del valor en ciberseguridad;The CENSOR framework optimizes cyber security investments for small businesses, providing more affordable and lower-risk solutions compared to the Set Covering formulation.;"Assessing and controlling cyber risk is the cornerstone of information security management, but also a formidable challenge for organisations due to the uncertainties associated with attacks, the resulting risk exposure, and the availability of scarce resources for investment in mitigation measures. In this paper, we propose a cybersecurity decision-support framework, called CENSOR, for optimal cyber security investment. CENSOR accounts for the serial nature of a cyber attack, the uncertainty in the time required to exploit a vulnerability, and the optimisation of mitigation measures in the presence of a limited budget. First, we evaluate the cost that an organisation incurs due to a cyber security breach that progresses in stages and derive an analytical expression for the distribution of the present value of the cost. Second, we adopt a Set Covering and a Knapsack formulation to derive and compare optimal strategies for investment in mitigation measures. Third, we validate CENSOR via a case study of a small business (SB) based on: (i) the 2020 Common Weakness Enumeration (CWE) top 25 most dangerous software weaknesses; and (ii) the Center for Internet Security (CIS) Controls. Specifically, we demonstrate how the Knapsack formulation provides solutions that are both more affordable and entail lower risk compared to those of the Set Covering formulation. Interestingly, our results confirm that investing more in cybersecurity does not necessarily lead to an analogous cyber risk reduction, which indicates that the latter decelerates beyond a certain point of security investment intensity.";IEEE Access;14;2169-3536;10.1109/ACCESS.2023.3272670;https://ieeexplore.ieee.org/document/10114920/;2023;12/4/2026 22:56;12/4/2026 22:56;12/4/2026 22:56;44467-44481;;11;IEEE Access
DWJNYED9;journalArticle;2021;Orlando, Albina;Cyber Risk Quantification: Investigating the Role of Cyber Value at Risk;Focus on Threat Intelligence and Predictive Analytics (CTI);Priorización de riesgos emergentes mediante inteligencia artificial y análisis de grandes volúmenes de datos;Cyber value at risk (Cy-VaR) can potentially support investment decisions in cybersecurity, aiding in risk reduction and sharing with third parties.;The aim of this paper is to deepen the application of value at risk in the cyber domain, with particular attention to its potential role in security investment valuation. Cyber risk is a fundamental component of the overall risk faced by any organization. In order to plan the size of security investments and to estimate the consequent risk reduction, managers strongly need to quantify it. Accordingly, they can decide about the possibility of sharing residual risk with a third party, such as an insurance company. Recently, cyber risk management techniques are including some risk quantile-based measures that are widely employed in the financial domain. They refer to value at risk that, in the cyber context, takes the name of cyber value at risk (Cy-VaR). In this paper, the main features and challenging issues of Cy-VaR are examined. The possible use of this risk measure in supporting investment decisions in cyber context is discussed, and new risk-based security metrics are proposed. Some simple examples are given to show their potential.;Risks;23;2227-9091;10.3390/risks9100184;https://www.mdpi.com/2227-9091/9/10/184;2021;12/4/2026 22:54;12/4/2026 22:54;12/4/2026 22:54;184;10;9;Risks
ESS2QZ9N;journalArticle;2024;"Okori, Washington; Buteraba, Sarah";Cyber Security Exploits and Management in Telecommunication Companies: The Case of Uganda;Technology integration and automation;Implantación de sistemas automatizados para la detección y respuesta ante incidentes;Telecommunication companies in Uganda face cyber-attacks and threats to their critical information infrastructure, requiring continuous monitoring and innovative cyber security detection and prevention strategies.;This study examined the risks faced by telecommunication companies due to cyber-attacks and threats to their critical information infrastructure. It suggests control measures to avert the vulnerabilities of such infrastructure to cyber attackers. Critical information infrastructure is important to the companies as a revenue enabler and reputation identifier. However, the infrastructure, if not well protected, can be a national security threat, affect the national economy, and disrupt societal integration and business globally. Cyber security is the protection of internet-connected systems, including hardware, software, people, and data, from cyber-attacks. Its threat exploits the increased complexity and connectivity of critical infrastructure systems. The identification of the critical information infrastructure was done through document analysis and discussion with the network technical teams. The infrastructure systems, such as devices, servers, data, database, firewall, and network, were identified in this study as vulnerable to attack. This study suggests a framework to support timely intrusion detection and for the protection of critical information infrastructure. To secure and safeguard the critical information infrastructure from inherent vulnerabilities, it is recommended that continuous monitoring of the critical infrastructure attack gates should be made part of the overall risk management of a telecommunication company, and innovations in cyber security detection and prevention should be harnessed.;Journal of Computer Science and Technology Studies;2;2709-104X;10.32996/jcsts.2024.6.4.10;https://al-kindipublisher.com/index.php/jcsts/article/view/7457;2024;12/4/2026 22:54;12/4/2026 22:54;12/4/2026 22:54;67-76;4;6;JCSTS
PIXV6PLQ;journalArticle;2023;"Marican, Mohamed Noordin Yusuff; Razak, Shukor Abd; Selamat, Ali; Othman, Siti Hajar";Cyber Security Maturity Assessment Framework for Technology Startups: A Systematic Literature Review;Financial optimization and efficient allocation of resources;Evaluación económica continua y alineación de inversión en seguridad con objetivos de negocio;There is a lack of a comprehensive cyber security maturity assessment framework for technology startups, causing them to be vulnerable to cyber-attacks and requiring further research on the quantification of security investments.;Cybersecurity has gained increasing importance among firms of different sizes and industries due to the significant rise of cyber-attacks over time. Technology startups are particularly vulnerable to cyber-attacks due to the lack of cyber security measures. This is because of limited human capital and financial resources to quantify cyber risks and allocate appropriate investments to cyber security. Technology startups are suppliers and vendors to large organisations such as MNCs, government and financial institutions. They could possibly have a network connection back to the large organisations and might even store confidential information of these large organisations such as financial records, personal data and other proprietary information. As such, with the lack of appropriate cyber security measures, technology startups may be an attack vector for malicious hackers to gain entry to the large organisations. Focusing on technology startups, this study conducted a systematic literature review on cyber security maturity assessment frameworks. This study addressed five research questions on the existing cyber security maturity assessment frameworks in various industries, the target for implementation, cyber security maturity level, shared control domains of these frameworks, and the quantification of the return of cyber security investments. Referring to the Preferred Reporting Items for Systematic Reviews and Meta-Analysis (PRISMA) checklist, a detailed analysis was performed on 24 published research articles (out of 650) from reputable journals and conference proceedings from January 2011 to June 2022. The results revealed the lack of an end-to-end cyber security maturity assessment framework for technology startups. Despite the similarities in the cyber security maturity level for certain frameworks, the results revealed no singular framework that can evaluate the cyber security maturity level of technology startups. The results further revealed the lack of studies on the quantification of the return of cyber security investments in an end-to-end cyber security maturity assessment framework for technology startups. This put the startup in a vulnerable position since management is not able to obtain relevant data on the startup’s cyber maturity posture and without such information, they are not able to appropriately justify their security investments to mitigate the evolving cyber risks.;IEEE Access;13;2169-3536;10.1109/ACCESS.2022.3229766;https://ieeexplore.ieee.org/document/9989381/;2023;12/4/2026 22:53;12/4/2026 22:53;12/4/2026 22:53;5442-5452;;11;IEEE Access
EQMMLHHJ;journalArticle;2025;"Bongiovanni, Ivano; Goyeneche, David; Tsen, Elinor; James, Edidiong Christopher; Singh, Priyanka; Ko, Ryan";Cyber-attackers as a social force: conceptualizing value sabotage in cybersecurity services;Organizational culture and internal awareness;Estrategias de gestión de datos sensibles para reducir vulnerabilidades;Cyber-attackers play a critical role in shaping service dynamics and value co-creation in cybersecurity, driving innovation and adaptation, highlighting the need for adaptive strategies to counter cyber-attacks.;"This paper examines the role of cyber-attackers as a critical social force within the cybersecurity service ecosystem. We propose a conceptual framework that integrates attackers into the traditional service triad, reframing them as attackers who influence value co-creation and service dynamics within the cybersecurity industry, particularly in the context of Cybersecurity-as-a-Service (CSaaS). We conclude that cyber-attackers represent agents of “value sabotage,” a novel concept that captures how threat actors reshape service dynamics.
The study draws on a review of service management and cybersecurity literature, complemented by case studies of notable cyber-attacks. Building on service-dominant logic and ecosystem theory, a conceptual framework is developed, positioning attackers as influential disruptors within the CSaaS ecosystem.
The findings reveal attackers as adversarial social forces driving innovation and adaptation in the CSaaS ecosystem. An analysis of their motivations and strategies reveals how their actions compel organizations and service providers to prioritize resilience and defensive value co-creation. In turn, attackers' actions “sabotage” the value co-creation process. Our proposed framework demonstrates a transition from dyadic to triadic service interactions, incorporating attackers as critical agents.
Future research could explore the generalizability of this framework across other industries and more specific comparisons between value sabotage and value co-destruction. Additional social forces could also be considered, such as regulators and end-customers (pentadic model).
The findings underscore the need for organizations to adopt adaptive service strategies that prioritize resilience, threat anticipation and collaboration to counter cyber-attacks.
This paper uniquely positions attackers as active contributors to the service ecosystem, extending service theory and challenging conventional notions of value co-creation in service management through the novel concept of “value sabotage.” Framing attackers as malicious orchestrators of disruption, our work offers a new lens to understand how threat actors shape service design, resilience and co-creation strategies in digitally mediated service environments.";Journal of Service Management;1;1757-5818, 1757-5826;10.1108/JOSM-12-2024-0537;https://www.emerald.com/josm/article/doi/10.1108/JOSM-12-2024-0537/1325831/Cyber-attackers-as-a-social-force-conceptualizing;2025;12/4/2026 22:47;12/4/2026 22:47;12/4/2026 22:47;1-32;;;Journal of Service Management
Z3I8PK6C;journalArticle;2022;"Manuel De Nicola; Christo Delightson David Raja";Cybersecurity and Blockchain Impacts on Value Creation Process: Empirical Evidences From Non-financial Disclosure;Organizational culture and internal awareness;Utilización de pruebas y simulaciones periódicas (ejercicios de ciberseguridad) para verificar eficacia;Cybersecurity and blockchain technologies significantly impact the value creation process in telecommunication industries, as evidenced by the depth of disclosures in 2020 and 2021.;As per the current trend, the digital transformation and the elements and technologies associated with it are growing for the better defense of the company itself. As the IR reports are getting common among many in the recent years, this research would be useful to identify the fairness of the company disclosures. For this purpose, this research has adopted a methodology of content analysis focusing on the telecommunication industries that are situated in the different parts of the globe to extract the depth of disclosures made by the sampled industries in the years 2020 and 2021 focusing only on the DT dimensions namely cybersecurity and blockchain.;Journal of Modern Accounting and Auditing;0;15486583, 19359683;10.17265/1548-6583/2022.06.001;http://www.davidpublisher.com/index.php/Home/Article/index?id=48552.html;2022;12/4/2026 22:48;12/4/2026 22:48;12/4/2026 22:48;;6;18;JMAA
IRJ9H22F;journalArticle;2025;"Tan, Weijie; Guo, Binhua; Zhang, Qiantao";Cybersecurity governance and corporate market value: Perspectives from investor trust and supply chain trust;Governance and adaptive leadership in cybersecurity;Desarrollo de políticas claras de acceso y gestión de identidades;Cybersecurity governance significantly enhances corporate market value by strengthening investor and supply chain trust, with government digital economy regulation further amplifying this positive impact.;In the digital era, data security and governance have become essential pillars for corporate ESG (Environmental, Social, and Governance) development and for maintaining social stability. This paper employs machine learning-based textual analysis to map cybersecurity governance in Chinese firms and government digital economy regulatory indicators. From the perspectives of investor trust and supply chain trust, and incorporating legitimacy theory, we empirically examine the relationship between cybersecurity governance, government digital economy regulation, and corporate market value. The study finds that cybersecurity governance significantly enhances corporate market value, primarily through a reputation-building mechanism that strengthens both investor trust and supply chain trust. Heterogeneity analysis shows that the market reputation effect of cybersecurity governance is more pronounced in firms with non-short-sighted management, stronger protection of trade secrets, higher media attention on ESG, and in high-tech industries. Furthermore, government digital economy regulation can further amplify the positive impact of corporate cybersecurity governance on market value, with the most significant effects observed in areas such as rights protection, data sharing, and security safeguards. The findings of this paper provide important practical insights for firms in emerging economies to address cybersecurity risks, stabilize supply chains, and enhance investor cooperation.;Pacific-Basin Finance Journal;8;0927538X;10.1016/j.pacfin.2024.102646;https://linkinghub.elsevier.com/retrieve/pii/S0927538X24003986;2024;12/4/2026 22:57;12/4/2026 22:57;12/4/2026 22:57;102646;;90;Pacific-Basin Finance Journal
B7RBW49G;journalArticle;2022;"Kosutic, Dejan; Pigni, Federico";Cybersecurity: investing for competitive outcomes;Technology integration and automation;Incorporación ágil de soluciones tecnológicas escalables según crecimiento del negocio;The Cybersecurity Competitive Advantage Model explains how to build dynamic cybersecurity capabilities to achieve long-term competitive advantage in various industries.;"
Purpose
The purpose of this paper is to help companies address the problem of ever-increasing cybersecurity investment that does not produce tangible business value – this is achieved by explaining the relationship between cybersecurity and competitive advantage.


Design/methodology/approach
The impact of cybersecurity on competitive advantage was explored through a qualitative research study – the authors conducted an extensive literature review and conducted two rounds of semi-structured interviews with executives and security professionals from companies in four countries, from the financial, IT and security industries.


Findings
The analysis of the findings enabled the conceptualization of the Cybersecurity Competitive Advantage Model that explains how to build up cybersecurity dynamic capabilities to achieve long-term competitive advantage.


Research limitations/implications
The research presents the theorization of the model based on an extensive literature review, gathered information, insight from qualified respondents and the authors’ experience in the field. While we controlled for saturation and rigorously collected and analyzed the data, the inductive approach followed may limit the generalizability of the findings.


Practical implications
The proposed model helps explain to executives how to differentiate their company in a novel way and how to retain that competitive advantage; security professionals can use the model to organize cybersecurity and communicate to their superiors more effectively.


Originality/value
The presented model differs from existing literature, cybersecurity frameworks and industry standards by presenting a method of avoiding technological bias and for achieving competitive advantage.
";Journal of Business Strategy;30;0275-6668, 2052-1197;10.1108/JBS-06-2020-0116;https://www.emerald.com/jbs/article/43/1/28/192873/Cybersecurity-investing-for-competitive-outcomes;2020;12/4/2026 22:52;12/4/2026 22:52;12/4/2026 22:52;28-36;1;43;Journal of Business Strategy
46S772ZJ;journalArticle;2021;Lee, In;Cybersecurity: Risk management framework and investment cost analysis;Organizational culture and internal awareness;Fortalecimiento de la comunicación interna y reporte oportuno de incidentes;This paper introduces a cyber risk management framework, demonstrates a continuous improvement process, and demonstrates the value of cyberinvestment through a real-world example.;As organizations accelerate digital transformation with mobile devices, cloud services, social media, and Internet of Things services, cybersecurity has become a key priority in enterprise risk management. While improving cybersecurity leads to higher levels of customer trust and increased revenue opportunities, rapidly evolving data protection and privacy regulations have complicated cybersecurity management. Against the backdrop of rapidly rising cyberbreaches and the emergence of novel cybersecurity technologies such as machine learning and artificial intelligence, this article introduces a cyber risk management framework, discusses a cyber risk assessment process, and illustrates a continuous improvement of cybersecurity performance and cyberinvestment cost analysis with a real-world cybersecurity example.;Business Horizons;126;00076813;10.1016/j.bushor.2021.02.022;https://linkinghub.elsevier.com/retrieve/pii/S0007681321000240;2021;12/4/2026 22:53;12/4/2026 22:53;12/4/2026 22:53;659-671;5;64;Business Horizons
2MVKPVZ4;journalArticle;2022;"Fedele, Alessandro; Roner, Cristian";Dangerous games: A literature review on cybersecurity investments;Financial optimization and efficient allocation of resources;Aplicación del análisis de coste-beneficio para justificar inversiones en ciberseguridad;Firms' incentives to invest in cybersecurity vary, with interdependent firms facing different challenges, and future research should focus on analyzing interdependent cybersecurity in competitive contexts.;"Cybersecurity has gained prominence in the decision-making of firms. Due to the increasing occurrences of threats in the cyberspace, investments in cybersecurity have become critical to mitigate the operational disruption of businesses. This paper surveys the theoretical literature on the firms’ incentives to invest in cybersecurity. A taxonomy of the existing contributions is provided to frame them in a common reference scheme and a model is developed to encompass such contributions and discuss their main findings. Papers that investigate the investment problem of an isolated firm are distinguished from those that consider interdependent firms. In turn, interdependent cybersecurity is analyzed in three different contexts: (i) firms that operate their business via a common computer network, but are not competitors in the product market; (ii) firms that are competitors in the product market, but run their business using non-interconnected computer systems; (iii) firms that are competitors and rely on a common computer network. Promising avenues for future research are discussed in the conclusions.";Journal of Economic Surveys;46;0950-0804, 1467-6419;10.1111/joes.12456;https://onlinelibrary.wiley.com/doi/10.1111/joes.12456;2021;12/4/2026 22:49;12/4/2026 22:49;12/4/2026 22:49;157-187;1;36;Journal of Economic Surveys
7MURQGUZ;journalArticle;2023;"Saeed, Saqib; Altamimi, Salha A.; Alkayyal, Norah A.; Alshehri, Ebtisam; Alabbad, Dina A.";Digital Transformation and Cybersecurity Challenges for Businesses Resilience: Issues and Recommendations;Financial optimization and efficient allocation of resources;Establecimiento de indicadores claves de desempeño (KPIs) específicos para la ciberseguridad;Digital transformation increases efficiency and productivity, but poses new cybersecurity challenges, requiring businesses to adopt a staged cybersecurity readiness framework to mitigate these risks.;This systematic literature review explores the digital transformation (DT) and cybersecurity implications for achieving business resilience. DT involves transitioning organizational processes to IT solutions, which can result in significant changes across various aspects of an organization. However, emerging technologies such as artificial intelligence, big data and analytics, blockchain, and cloud computing drive digital transformation worldwide while increasing cybersecurity risks for businesses undergoing this process. This literature survey article highlights the importance of comprehensive knowledge of cybersecurity threats during DT implementation to prevent interruptions due to malicious activities or unauthorized access by attackers aiming at sensitive information alteration, destruction, or extortion from users. Cybersecurity is essential to DT as it protects digital assets from cyber threats. We conducted a systematic literature review using the PRISMA methodology in this research. Our literature review found that DT has increased efficiency and productivity but poses new challenges related to cybersecurity risks, such as data breaches and cyber-attacks. We conclude by discussing future vulnerabilities associated with DT implementation and provide recommendations on how organizations can mitigate these risks through effective cybersecurity measures. The paper recommends a staged cybersecurity readiness framework for business organizations to be prepared to pursue digital transformation.;Sensors;190;1424-8220;10.3390/s23156666;https://www.mdpi.com/1424-8220/23/15/6666;2023;12/4/2026 22:55;12/4/2026 22:55;12/4/2026 22:55;6666;15;23;Sensors
UE72V2EW;journalArticle;2024;Kostelić, Katarina;Dynamic Awareness and Strategic Adaptation in Cybersecurity: A Game-Theory Approach;Technology integration and automation;Despliegue de estrategias de segmentación y aislamiento de redes críticas;Awareness in cybersecurity is crucial for managers to make effective decisions and adapt to threats, with accurate initial frequencies leading to optimal results.;Awareness and human factors are becoming ever more important in cybersecurity, particularly in the context of small companies that may need more resources to deal with cybersecurity effectively. This paper introduces a theoretical framework for game analysis of the role of awareness in strategic interactions between the manager and a hacker. A computable approach is proposed based on Bayesian updating to model awareness in a cybersecurity context. The process of gaining awareness considers the manager’s perception of the properties of the hacker’s actions, game history, and common knowledge. The role of awareness in strategy choices and outcomes is analyzed and simulated, providing insights into decision-making processes for managers and highlighting the need to consider probabilistic assessments of threats and the effectiveness of countermeasures. The accuracy of the initial frequencies plays a significant role in the manager’s success, with aligned frequencies leading to optimal results. Inaccurate information on prior frequencies still outperforms complete uncertainty, emphasizing the value of any available intelligence. However, the results suggest that other awareness modeling approaches are necessary to enhance the manager’s agility and adaptiveness when the prior frequencies do not reflect the immediate attacker’s type, indicating the need for improved intelligence about cyber-attacks and examinations of different awareness modeling approaches.;Games;10;2073-4336;10.3390/g15020013;https://www.mdpi.com/2073-4336/15/2/13;2024;12/4/2026 22:51;12/4/2026 22:51;12/4/2026 22:51;13;2;15;Games
VY3IEXT9;journalArticle;2021;"Rashid, Zahid; Noor, Umara; Altmann, Jörn";Economic model for evaluating the value creation through information sharing within the cybersecurity information sharing ecosystem;Interagency collaboration and regulatory best practices;Alianza con proveedores seguros y evaluación periódica de terceros;End users are the main source of value generation in cybersecurity information sharing ecosystems, but saturated markets may lead to un-sustainability.;Based on a comprehensive literature survey, the constructs of the cybersecurity information sharing ecosystem have been defined in detail. Using this ecosystem, the interrelationships among the stakeholders with respect to cybersecurity information sharing are analyzed, the value parameters are determined, the value functions are defined, and the values obtained by the stakeholders through simulation are calculated. Furthermore, it is investigated whether the stakeholders involved in this ecosystem can create sufficient value to sustain in the market. The outcome of this research includes an economic model for evaluating the value creation and distribution among the stakeholders. This model is a critical step forward to better align the values (i.e., utilities and profits) of stakeholders. The simulation results of the model show that end users are the main source of value generation. Cybersecurity solution providers and cybersecurity information providers get benefits from a growing installed base of end users. However, in saturated markets, there is a risk of un-sustainability of the ecosystem, as the cost of cybersecurity solutions and cybersecurity information cannot be recovered through their fees. The simulation model and the findings of this study can help business managers to make better decisions related to business strategies, sustainability, and pricing schemes for cybersecurity solution and cybersecurity information. Moreover, a working cybersecurity information sharing ecosystem is essential for the adoption of cloud computing and, especially, edge computing. It allows capturing, disseminating, and aggregating cybersecurity information from a large number of computing devices and computing providers reliably and accurately.;Future Generation Computer Systems;35;0167739X;10.1016/j.future.2021.05.033;https://linkinghub.elsevier.com/retrieve/pii/S0167739X21001837;2021;12/4/2026 22:54;12/4/2026 22:54;12/4/2026 22:54;436-466;;124;Future Generation Computer Systems
RWU2QKNE;journalArticle;2020;"Bailetti, Tony; Craigen, Dan";Examining the Relationship between Cybersecurity and Scaling Value for New Companies;Governance and adaptive leadership in cybersecurity;Integración de nuevas normativas internacionales para cumplimiento sectorial;Cybersecurity can be a business enabler and influencer for new companies, enabling rapid scaling of company value through a combination of external and internal resources.;"Increasingly, the professional literature is framing cybersecurity as a business enabler or an influencer rather than an overhead cost or an innovation blocker (Bello, 2019; Blivet, 2019; Cohen, 2019; Sloman, 2018; Trott, 2019; Watson, 2019). This literature urges companies’ security teams to deploy combinations of external and internal resources to create value and demonstrate that value (Trott, 2019). The purpose of this paper is to increase our understanding of the relationship between cybersecurity (as represented by 17 assertions) and new companies that scale company value rapidly (as represented by 137 assertions, including the cybersecurity assertions).";Technology Innovation Management Review;4;19270321;10.22215/timreview/1329;https://timreview.ca/article/1329;2020;12/4/2026 22:46;12/4/2026 22:46;12/4/2026 22:46;62-69;2;10;TIM Review
J2LCQIY7;journalArticle;2024;"Arroyabe, Marta F.; Arranz, Carlos F.A.; Fernandez De Arroyabe, Ignacio; Fernandez De Arroyabe, Juan Carlos";Exploring the economic role of cybersecurity in SMEs: A case study of the UK;Organizational culture and internal awareness;Programas de capacitación y actualización tecnológica específica para equipos de seguridad;Cybersecurity is a merit-good for SMEs, but market failures and lack of information hinder optimal implementation, highlighting the need for nuanced policies to bridge the implementation gap.;This study explores the economic role of cybersecurity in Small and Medium Enterprises (SMEs), situating cybersecurity within the framework of merit-goods within the economic theory of market failures and public goods. By examining 240 SMEs across the UK, the empirical findings of this investigation underscore its classification as a merit-good due to its extensive social benefits and the critical gap in its optimal provision. The results confirm the existence of market failure, such as the lack and asymmetry of information regarding cybersecurity, acknowledging the myopia and lack of information within SMEs, leading to suboptimal implementation of cybersecurity. Moreover, the lack of optimal implementation is evidenced by the findings indicating that neither cybersecurity incidents nor cybersecurity impacts in SMEs drive the implementation of cybersecurity. Additionally, we observe that implementation is more focused on control systems than on management systems, which is a significant differentiating factor from large enterprises. The study contributes theoretically by framing cybersecurity as a merit-good, provides managerial insights into SME cybersecurity practices, and emphasizes the importance of nuanced policies to bridge the implementation gap.;Technology in Society;20;0160791X;10.1016/j.techsoc.2024.102670;https://linkinghub.elsevier.com/retrieve/pii/S0160791X24002185;2024;12/4/2026 22:46;12/4/2026 22:46;12/4/2026 22:46;102670;;78;Technology in Society
KEUW65VH;journalArticle;2023;Aithal, P. S.;How to Create Business Value Through Technological Innovations Using ICCT Underlying Technologies;Governance and adaptive leadership in cybersecurity;Adopción de metodologías de evaluación periódica de riesgos y vulnerabilidades;Using twelve ICCT underlying technologies, such as AI, Blockchain, Business intelligence, Cloud computing, Cyber security, 3D printing, IoT, Quantum computing, Mobile marketing, and Ubiquitous education technology, can create business value for organizations in various industries.;"Purpose: Organizations are struggling to sustain and grow in the 21st century due to many challenges and uncertainties while doing their business. Long-term sustaining in the business needs retaining the existing customers and attracting new customers through various strategies for satisfying, delighting, and enlightening existing customers, and creating overwhelming demand through business value creation for attracting new customers. It is a challenge for all the decision-makers to find out how to create business value to retain existing customers and attract new customers. Here, a conceptual and exploratory analysis is made of how the innovations using technology create business value for organizations in general. 
Methodology: This conceptual analysis uses an exploratory research method. The information is collected using Google, Google Scholar, and Artificial Intelligence GPT search engines using appropriate keywords and prompt engineering respectively and the collected, analysed, compared, evaluated, and interpreted towards creating business value using technology with special emphasis on the use of ICCT underlying technologies. The advantages, benefits, constraints, and disadvantages of business value creation using ICCT underlying technologies for business value creation are listed from stakeholders’ points of view. 
Outcome: The role of twelve ICCT Underlying Technologies including AI, Blockchain, Business intelligence, Cloud computing, Cyber security, 3D printing, IoT, Quantum computing, Mobile marketing, Information storage technology, Ubiquitous education technology, and VR & AR for Business Value Creation like Innovation and Differentiation, Customer focus, Operational efficiency, Strategic Partnerships and Alliances, Talent Management, Effective Marketing and Branding, Financial Performance and Growth, Sustainability and Corporate Social Responsibility, and Adaptability and Agility.
Originality/Value: New knowledge and interpretation are presented on how to create business value for long time sustainability by organizations in every industry. 
Type o Paper: Exploratory Research Analysis";International Journal of Applied Engineering and Management Letters;65;2581-7000;10.47992/IJAEML.2581.7000.0184;https://supublication.com/index.php/ijaeml/article/view/110/81;2023;12/4/2026 22:45;12/4/2026 22:45;12/4/2026 22:45;232-292;;;IJAEML
99DDUVYC;journalArticle;2021;"Ali, Rao Faizan; Dominic, P. D. D.; Ali, Syed Emad Azhar; Rehman, Mobashar; Sohail, Abid";Information Security Behavior and Information Security Policy Compliance: A Systematic Literature Review for Identifying the Transformation Process from Noncompliance to Compliance;Technology integration and automation;Sostenibilidad e integración de soluciones de seguridad a largo plazo en la infraestructura;Employees' noncompliance to information security policy is influenced by value conflicts, security-related stress, and neutralization, while internal/external motivations and deterrence techniques can transform noncompliance into compliance behaviors.;A grave concern to an organization’s information security is employees’ behavior when they do not value information security policy compliance (ISPC). Most ISPC studies evaluate compliance and noncompliance behaviors separately. However, the literature lacks a comprehensive understanding of the factors that transform the employees’ behavior from noncompliance to compliance. Therefore, we conducted a systematic literature review (SLR), highlighting the studies done concerning information security behavior (ISB) towards ISPC in multiple settings: research frameworks, research designs, and research methodologies over the last decade. We found that ISPC research focused more on compliance behaviors than noncompliance behaviors. Value conflicts, security-related stress, and neutralization, among many other factors, provided significant evidence towards noncompliance. At the same time, internal/external and protection motivations proved positively significant towards compliance behaviors. Employees perceive internal and external motivations from their social circle, management behaviors, and organizational culture to adopt security-aware behaviors. Deterrence techniques, management behaviors, culture, and information security awareness play a vital role in transforming employees’ noncompliance into compliance behaviors. This SLR’s motivation is to synthesize the literature on ISPC and ISB, identifying the behavioral transformation process from noncompliance to compliance. This SLR contributes to information system security literature by providing a behavior transformation process model based on the existing ISPC literature.;Applied Sciences;95;2076-3417;10.3390/app11083383;https://www.mdpi.com/2076-3417/11/8/3383;2021;12/4/2026 22:45;12/4/2026 22:45;12/4/2026 22:45;3383;8;11;Applied Sciences
NUG5VAX9;journalArticle;2020;"Gordon, Lawrence A; Loeb, Martin P; Zhou, Lei";Integrating cost-benefit analysis into the NIST Cybersecurity Framework via the Gordon-Loeb Model;Technology integration and automation;Automatización y orquestación de procesos de respuesta ante incidentes;The Gordon-Loeb Model effectively integrates cost-benefit analysis into the NIST Cybersecurity Framework, aiding organizations in selecting the most appropriate NIST Implementation Tier level for cybersecurity investments.;The National Institute for Standards and Technology (NIST) Cybersecurity Framework has rapidly become a widely accepted approach to facilitating cybersecurity risk management within organizations. An insightful aspect of the NIST Cybersecurity Framework is its explicit recognition that the activities associated with managing cybersecurity risk are organization specific. The NIST Framework also recognizes that organizations should evaluate their cybersecurity risk management on a cost–benefit basis. The NIST Framework, however, does not provide guidance on how to carry out such a cost–benefit analysis. This article provides an approach for integrating cost–benefit analysis into the NIST Cybersecurity Framework. The Gordon–Loeb (GL) Model for cybersecurity investments is proposed as a basis for deriving a cost-effective level of spending on cybersecurity activities and for selecting the appropriate NIST Implementation Tier level. The analysis shows that the GL Model provides a logical approach to use when considering the cost–benefit aspects of cybersecurity investments during an organization’s process of selecting the most appropriate NIST Implementation Tier level. In addition, the cost–benefit approach provided in this article helps to identify conditions under which there is an incentive to move to a higher NIST Implementation Tier.;Journal of Cybersecurity;76;2057-2085, 2057-2093;10.1093/cybsec/tyaa005;https://academic.oup.com/cybersecurity/article/doi/10.1093/cybsec/tyaa005/5813544;2020;12/4/2026 22:49;12/4/2026 22:49;12/4/2026 22:49;tyaa005;1;6;
3FNMSG5U;journalArticle;2025;"Islam, Shareeful; Basheer, Nihala; Papastergiou, Spyridon; Ciampi, Mario; Silvestri, Stefano";Intelligent dynamic cybersecurity risk management framework with explainability and interpretability of AI models for enhancing security and resilience of digital infrastructure;Technology integration and automation;Monitorización continua y centralizada de eventos de seguridad;The dynamic cybersecurity risk management (d-CSRM) framework effectively prioritizes critical vulnerabilities using a hybrid AI-enabled model and integrating dynamic parameters like vulnerability exploitation and assets dependencies.;The sophistication of cyberattacks has significantly increased, making it almost certain that organizations can be victims of cyberattacks at any time. Managing cybersecurity risk is critical for any organization so that informed decisions can be made to tackle risks before they materialize. Cybersecurity risk management is context-specific and heavily relies on the specific organization's context. However, performing effective risk management is always challenging due to the constant changes in organizational infrastructure and security posture, including the adoption of new applications and the reconfiguration or updating of existing assets and their dependencies, as well as the potential exploitation of vulnerabilities. Despite the wider adoption of AI enabled cybersecurity risk management, there is a lack of focus on the integration of these systems along with the dynamic elements of the risk management. In this context, this research proposes a novel dynamic cyber security risk management (d-CSRM) framework to tackle this challenge by integrating dynamic parameters such as vulnerability exploitation and assets dependencies for assessing and managing the risk. The framework consists of a systemic process and makes use of a hybrid AI-enabled model that combines both linear regression and deep learning, to prioritize the vulnerabilities. Additionally, d-CSRM integrates the explainability and interpretability characteristics of the AI model for explaining model decision making and the inner working parameters. This allows the extraction of the key features that are linked with the risk and informed decision making to tackle the risks. An experiment was performed to prioritize the vulnerabilities from the widely used CVEjoin dataset using the proposed hybrid model to quantify the dynamic risk with explainability. The results show that the hybrid model effectively identifies and prioritizes the most critical vulnerabilities using the selected key features such as exploit type, exploit platform and impact that can further enhance the dynamic risk assessment.;Journal of Reliable Intelligent Environments;14;2199-4668, 2199-4676;10.1007/s40860-025-00253-3;https://link.springer.com/10.1007/s40860-025-00253-3;2025;12/4/2026 22:50;12/4/2026 22:50;12/4/2026 22:50;12;3;11;J Reliable Intell Environ
LJLZNU7U;journalArticle;2023;"Bederna, Zsolt; Szádeczky, Tamás";Managing the financial impact of cybersecurity incidents;Technology integration and automation;Adaptabilidad de la arquitectura de ciberseguridad a las nuevas tecnologías y amenazas;This paper introduces the 'Effect of incidents' metric to measure the impact of unplanned cybersecurity incidents on actual expenditure compared to planned budgets, and the 'Incidence of incident recognition' metric to measure deviations in incident impact perception.;"The complex relationships of economic actors and the high dependency on information and communication technologies make it necessary for all relevant entities to develop protection. This protection should include preventive and reactive controls in a risk-proportionate manner in relation to the business value protected. We aimed to develop a solution to support cybersecurity-related business decisions with financial analytics. The risk-based approach helps management find the optimum solution with minimal costs, where protection prevents some incidents from occurring, while the risks associated with other incidents are accepted in an informed way. The security industry developed a number of apparatuses to find the optimum security controls that enforced the fiscal aspects, which typically contain solutions used in planning. However, the actual expenditure often differs from the planned budget for several reasons, one of which is
the occurrence of security incidents. We used the common methodology toolset for financial analysis (NPV, NFV, risk assessment). We developed novel metrics based on these that can be used in cybersecurity management. Within the framework thus defined, the article discusses the economic context of the effects of incidents involving Meta (previously Facebook) services from 2016 to 2020. This paper introduces the ‘Effect of incidents’ metric to measure the impact of unplanned incidents’ on actual expenditure compared to the planned budget and the ‘Incidence of incident recognition’ metric to measure deviations of an incident’s impact as perceived by owners relative to the effect on the value of the assets. The paper also proves the applicability of those metrics using the example of Meta.";Security and Defence Quarterly;5;2300-8741, 2544-994X;10.35467/sdq/159625;https://securityanddefence.pl/Managing-the-financial-impact-of-cybersecurity-incidents,159625,0,2.html;2023;12/4/2026 22:46;12/4/2026 22:46;12/4/2026 22:46;;;;Security and Defence Quarterly
G4Z8BY7V;journalArticle;2025;"Lezzi, Marianna; Corallo, Angelo; Lazoi, Mariangela; Nimis, Aldo";Measuring cyber resilience in industrial IoT: a systematic literature review;Governance and adaptive leadership in cybersecurity;Aplicación de políticas estrictas de control de acceso y privilegios;This study reviews various metrics for measuring cyber resilience in industrial IoT, providing practical references for managers and industry experts to choose appropriate metrics based on their strategic objectives.;In industrial environments based on the Industrial Internet of Things (IIoT) paradigm, the increasing use of advanced digital technologies and networked physical systems has resulted in new vulnerabilities to cyber-attacks, giving rise to the concept of cyber resilience. Cyber resilience, together with human-centricity and sustainability, represent the pillars of the fifth industrial revolution. Measuring the status of an organization in terms of cyber resilience can provide meaningful insight into its cybersecurity performance and is critical to effective business management. This study follows the systematic literature review (SLR) approach to investigate the concept of cyber resilience in the IIoT context, with a focus on metrics for measuring business performance in this area. In particular, the industries in which cyber resilience metrics are applied and the industrial assets involved are analyzed, with an emphasis on the system properties to be resilient. Finally, a tabular outline is proposed to efficiently collect all the metrics in the reviewed literature for cyber resilience assessment. This study aims to provide managers and industry experts with practical references, useful for discovering and choosing cyber resilience metrics based on organization’s strategic objectives.;Management Review Quarterly;5;2198-1620, 2198-1639;10.1007/s11301-025-00495-8;https://link.springer.com/10.1007/s11301-025-00495-8;2025;12/4/2026 22:53;12/4/2026 22:53;12/4/2026 22:53;;;;Manag Rev Q
SP8GCJ77;journalArticle;2020;"Ganin, Alexander A.; Quach, Phuoc; Panwar, Mahesh; Collier, Zachary A.; Keisler, Jeffrey M.; Marchese, Dayton; Linkov, Igor";Multicriteria Decision Framework for Cybersecurity Risk Assessment and Management;Technology integration and automation;Diversificación de tecnologías de defensa para reducir puntos únicos de fallo;This paper proposes a decision-analysis-based approach that quantifies threat, vulnerability, and consequences to assess the overall utility of cybersecurity management alternatives, bridging the gap between risk assessment and risk management.;Risk assessors and managers face many difficult challenges related to novel cyber systems. Among these challenges are the constantly changing nature of cyber systems caused by technical advances, their distribution across the physical, information, and sociocognitive domains, and the complex network structures often including thousands of nodes. Here, we review probabilistic and risk-based decision-making techniques applied to cyber systems and conclude that existing approaches typically do not address all components of the risk assessment triplet (threat, vulnerability, consequence) and lack the ability to integrate across multiple domains of cyber systems to provide guidance for enhancing cybersecurity. We present a decision-analysis-based approach that quantifies threat, vulnerability, and consequences through a set of criteria designed to assess the overall utility of cybersecurity management alternatives. The proposed framework bridges the gap between risk assessment and risk management, allowing an analyst to ensure a structured and transparent process of selecting risk management alternatives. The use of this technique is illustrated for a hypothetical, but realistic, case study exemplifying the process of evaluating and ranking five cybersecurity enhancement strategies. The approach presented does not necessarily eliminate biases and subjectivity necessary for selecting countermeasures, but provides justifiable methods for selecting risk management actions consistent with stakeholder and decisionmaker values and technical data.;Risk Analysis;167;0272-4332, 1539-6924;10.1111/risa.12891;https://onlinelibrary.wiley.com/doi/10.1111/risa.12891;2020;12/4/2026 22:49;12/4/2026 22:49;12/4/2026 22:49;183-199;1;40;Risk Analysis
WEVL9TAE;journalArticle;2023;Botha-Badenhorst, Danielle;Navigating the Intersection of Innovation and Cybersecurity: A Framework;Governance and adaptive leadership in cybersecurity;Implementación de planes de contingencia y recuperación ante desastres integrados a los procesos;Firms can effectively mitigate cybersecurity risks while driving innovation and value creation by aligning their cybersecurity practices with innovation objectives, using the NIST Cybersecurity Framework.;"Reliance on digital technologies for innovation management is unavoidable in current contexts. While digital processes and business models have been prioritised as key factors to drive innovation and value creation within firms, cybersecurity concerns are still rife. Increased levels and severity of cybersecurity breaches (CSBs) have had adverse effects on trust, caused significant revenue losses, and inflicted reputational damage on many firms. Further exacerbating these concerns is an observation made in the Global Risks Report of 2022, the World Economic Forum: cybersecurity measures taken by businesses are becoming increasingly obsolete. Many firms face severe consequences without implementing strategic objectives to limit the threats posed by CSBs. Cybersecurity breaches (CSBs) have a significant long-term impact on firm-level innovation and investment decisions. However, many firms are reluctant to examine or enhance their existing cybersecurity practices because of concerns that they may limit their innovation ability. Determining a method to limit CSBs and retain capabilities to perform necessary innovative processes is a delicate balance, with trade-offs to be considered within each process. 
This paper aims to address the delicate balance between limiting CSBs and preserving the ability to undertake necessary innovative processes. Building upon the Cyber Security Maturity and Innovation matrix introduced by Nelson and Madnick (2017), this paper expands the framework by providing specific suggestions for each quadrant. The matrix classifies firms into different quadrants based on their reliance on innovation and their assessment of cyber risk. We then detail measures to improve cybersecurity maturity for firms in each quadrant, incorporating the National Institute of Standards and Technology (NIST) Cybersecurity Framework Version 1.1 (CSF) as a reference. By making well-informed decisions and implementing appropriate measures, firms can effectively mitigate CSB risks while continuing to drive innovation and create value. This expanded framework serves as a valuable tool for firms seeking to align their cybersecurity practices with their innovation objectives, in accordance with the NIST CSF.";European Conference on Research Methodology for Business and Management Studies;4;2049-0976, 2049-0968;10.34190/ecrm.22.1.1490;https://papers.academic-conferences.org/index.php/ecrm/article/view/1490;2023;12/4/2026 22:47;12/4/2026 22:47;12/4/2026 22:47;18-25;1;22;ecrm
CYSY9G7S;journalArticle;2021;"Hillmann, Julia; Guenther, Edeltraud";Organizational Resilience: A Valuable Construct for Management Research?;Interagency collaboration and regulatory best practices;Coordinación efectiva con reguladores y entidades gubernamentales;Organizational resilience is a promising concept in management research, but needs more clarity in its measurement and improved understanding of its conceptual problems for future research.;Recently, the concept of resilience has gained new momentum in organization studies.It is held to be a very promising concept to explain how organizations can survive andthrive amidst adversity or turbulence. However, ﬁndings from an earlier review aboutresilience in the organizational and business context show that, although empirical re-search on the concept has increased, there is still a need for more clarity in terms ofits measurement. The aim of this paper is to present a systematic review of the orga-nizational resilience construct that covers both conceptual and operational issues. Wediscuss why researchers criticize resilience for being fuzzy and move on to identify andanalyse existing literature under the lens of construct development and taxonomies.With this study, we aim to point out conceptual problems for future researchers toaddress conceptual clarity and to develop a clearer, more parsimonious concept. Weconclude with a suggestion about future measurement.;International Journal of Management Reviews;623;1460-8545, 1468-2370;10.1111/ijmr.12239;https://onlinelibrary.wiley.com/doi/10.1111/ijmr.12239;2020;12/4/2026 22:50;12/4/2026 22:50;12/4/2026 22:50;7-44;1;23;Int J Management Reviews
J8AJ7NE7;preprint;2023;"Franco, Muriel Figueredo; Künzler, Fabian; von der Assen, Jan; Feng, Chao; Stiller, Burkhard";RCVaR: an Economic Approach to Estimate Cyberattacks Costs using Data from Industry Reports;Governance and adaptive leadership in cybersecurity;Definición y revisión sistemática de políticas de seguridad alineadas con la estrategia organizacional;The Real Cyber Value at Risk (RCVaR) is an economical approach for estimating cybersecurity costs using real-world information from public cybersecurity reports, providing accurate and efficient predictions and management of cyber risks.;Digitization increases business opportunities and the risk of companies being victims of devastating cyberattacks. Therefore, managing risk exposure and cybersecurity strategies is essential for digitized companies that want to survive in competitive markets. However, understanding company-specific risks and quantifying their associated costs is not trivial. Current approaches fail to provide individualized and quantitative monetary estimations of cybersecurity impacts. Due to limited resources and technical expertise, SMEs and even large companies are affected and struggle to quantify their cyberattack exposure. Therefore, novel approaches must be placed to support the understanding of the financial loss due to cyberattacks. This article introduces the Real Cyber Value at Risk (RCVaR), an economical approach for estimating cybersecurity costs using real-world information from public cybersecurity reports. RCVaR identifies the most significant cyber risk factors from various sources and combines their quantitative results to estimate specific cyberattacks costs for companies. Furthermore, RCVaR extends current methods to achieve cost and risk estimations based on historical real-world data instead of only probability-based simulations. The evaluation of the approach on unseen data shows the accuracy and efficiency of the RCVaR in predicting and managing cyber risks. Thus, it shows that the RCVaR is a valuable addition to cybersecurity planning and risk management processes.;Comput. Secur.;17;;10.48550/ARXIV.2307.11140;https://arxiv.org/abs/2307.11140;2023;12/4/2026 22:49;12/4/2026 22:49;12/4/2026 22:49;;;;
DGEKUG6E;conferencePaper;2024;"Platunina, Galina P.; Salutina, Tatyana Y.; Frank, Irina A.";Risk Management of Data Transmission Within the Framework of the Digital Transformation of the Telecommunications Industry;Governance and adaptive leadership in cybersecurity;Involucramiento de la alta dirección y existencia de comités de ciberseguridad;Digital risks in the telecommunications industry can be managed through comprehensive management systems that adapt to changes in digital transformation.;The article analyzes digital risks associated with data transmission in the telecommunications industry and offers recommendations for managing them. Active implementation of innovations leads to the emergence of digital risks, such as cybersecurity, compliance risk, automation risk, and human resource management. To successfully prevent risk events or minimize damage, it is necessary to implement comprehensive management systems that adapt to changes in the digital transformation of business processes.;2024 International Conference on Engineering Management of Communication and Technology (EMCTECH);7;3064-9382;10.1109/EMCTECH63049.2024.10741645;https://ieeexplore.ieee.org/document/10741645/;2024;12/4/2026 22:54;12/4/2026 22:54;12/4/2026 22:54;1-5;;;
7IG2CYM4;journalArticle;2024;"Philip Olaseni Shoetan; Olukunle Oladipupo Amoo; Enyinaya Stefano Okafor; Oluwabukunmi Latifat Olorunfemi";SYNTHESIZING AI'S IMPACT ON CYBERSECURITY IN TELECOMMUNICATIONS: A CONCEPTUAL FRAMEWORK;Focus on Threat Intelligence and Predictive Analytics (CTI);Evaluación proactiva de la exposición a amenazas nuevas y emergentes;AI can enhance cybersecurity in telecommunications by enhancing threat detection, mitigation, and response strategies, while addressing ethical considerations and transparency.;"As the telecommunications sector increasingly relies on interconnected digital infrastructure, the proliferation of cyber threats poses significant challenges to security and operational integrity. This review presents a conceptual framework for understanding and harnessing the potential of artificial intelligence (AI) in fortifying cybersecurity within the telecommunications industry.  The framework integrates the transformative capabilities of AI with the unique demands of cybersecurity in telecommunications, aiming to enhance threat detection, mitigation, and response strategies. It encompasses a multidimensional approach that encompasses both technical and organizational facets, recognizing the interconnectedness of technology, human factors, and regulatory environments. Firstly, the framework delves into the application of AI in bolstering proactive threat intelligence gathering and analysis. Through advanced algorithms and machine learning techniques, AI empowers telecom operators to identify anomalous patterns, predict potential vulnerabilities, and pre-emptively adapt defensive measures. Secondly, it explores AI-driven solutions for dynamic risk assessment and adaptive cybersecurity protocols. By leveraging real-time data analytics and automated decision-making, telecom networks can swiftly adapt to evolving threats and ensure continuous protection against intrusions or breaches. Furthermore, the framework emphasizes the role of AI in augmenting human capabilities through intelligent automation and cognitive assistance. By offloading routine tasks and providing context-aware insights, AI enables cybersecurity professionals to focus on strategic initiatives and complex threat scenarios. Lastly, the framework addresses the imperative of ethical considerations, accountability, and transparency in deploying AI for cybersecurity in telecommunications. It advocates for responsible AI governance frameworks that prioritize privacy, fairness, and bias mitigation while fostering collaboration across industry stakeholders. In summary, this conceptual framework provides a roadmap for harnessing AI's transformative potential to fortify cybersecurity resilience in telecommunications, thereby safeguarding critical infrastructure and ensuring the integrity of global communication networks. 
Keywords: AI, Cybersecurity, Telecommunication, Framework, Conceptual, Impact, Review.";Computer Science & IT Research Journal;18;2709-0051, 2709-0043;10.51594/csitrj.v5i3.908;https://fepbl.com/index.php/csitrj/article/view/908;2024;12/4/2026 22:58;12/4/2026 22:58;12/4/2026 22:58;594-605;3;5;Comput. sci. IT res. j.
ZUCRFXYX;journalArticle;2021;"Kianpour, Mazaher; Kowalski, Stewart J.; Øverby, Harald";Systematically Understanding Cybersecurity Economics: A Survey;Financial optimization and efficient allocation of resources;Priorización de inversiones basada en impacto potencial y criticidad del servicio;Cybersecurity economics models are transitioning from unrealistic, unverifiable, and simplified fundamentals towards dynamic, stochastic, and generalizable models, empowering decision makers to make informed decisions.;Insights in the field of cybersecurity economics empower decision makers to make informed decisions that improve their evaluation and management of situations that may lead to catastrophic consequences and threaten the sustainability of digital ecosystems. By drawing on these insights, cybersecurity practitioners have been able to respond to many complex problems that have emerged within the context of cybersecurity over the last two decades. The academic field of cybersecurity economics is highly interdisciplinary since it combines core findings and tools from disciplines such as sociology, psychology, law, political science, and computer science. This study aims to develop an extensive and consistent survey based on a literature review and publicly available reports. This review contributes by aggregating the available knowledge from 28 studies, out of a collection of 628 scholarly articles, to answer five specific research questions. The focus is how identified topics have been conceptualized and studied variously. This review shows that most of the cybersecurity economics models are transitioning from unrealistic, unverifiable, or highly simplified fundamental premises toward dynamic, stochastic, and generalizable models.;Sustainability;50;2071-1050;10.3390/su132413677;https://www.mdpi.com/2071-1050/13/24/13677;2021;12/4/2026 22:51;12/4/2026 22:51;12/4/2026 22:51;13677;24;13;Sustainability
J8BI6M6P;journalArticle;2022;"Hajar, Mohammed A.; Alkahtani, Ammar Ahmed; Ibrahim, Daing Nasir; Al-Sharafi, Mohammed A.; Alkawsi, Gamal; Iahad, Noorminshah A.; Darun, Mohd Ridzuan; Tiong, Sieh Kiong";The Effect of Value Innovation in the Superior Performance and Sustainable Growth of Telecommunications Sector: Mediation Effect of Customer Satisfaction and Loyalty;Technology integration and automation;Integración de mecanismos de cifrado robustos en sistemas y comunicaciones;Value innovation in the telecommunications sector improves company performance and long-term growth by promoting customer satisfaction and loyalty.;The telecommunications industry has recognized innovation as the key to growth and survival. Globalization, liberalization, and privatization, the terms most commonly associated with this sector, have resulted in fierce competition, making it more difficult for telecommunications firms to increase their market share and, as a result, their customer base, sales volume, and, ultimately, profits. The new success strategy is differentiation through innovation, with the aim of breaking out of the competition and creating an uncontested market. This can be accomplished by providing high-value, innovative services that result in customer satisfaction and promote customer loyalty. The primary goal of this study was to create and validate a conceptual model of value innovation and its impact on firm performance and long-term growth by examining the mediation effect of customer satisfaction and loyalty. The empirical analysis results were based on 304 respondents who completed a paper-based survey provided to employees of Yemeni mobile service providers using a convenience non-probability sampling technique. SmartPLS 3 was used to test the hypothesized relationships using partial least squares structural equation modeling (PLS-PM). As a result, the findings empirically validated the theoretical research model, confirming the importance of the value innovation approach to achieving company performance and long-term growth by promoting customer satisfaction and loyalty. Finally, we have provided a discussion of the study’s theoretical contributions, managerial implications, and future research directions.;Sustainability;35;2071-1050;10.3390/su14106342;https://www.mdpi.com/2071-1050/14/10/6342;2022;12/4/2026 22:50;12/4/2026 22:50;12/4/2026 22:50;6342;10;14;Sustainability
B575Y836;journalArticle;2023;"Jebril, Iqbal; Almaslmani, Rafat; Jarah, Baker Akram Falah; Mugableh, Mohamed Ibrahim; Zaqeeba, Nidal";The impact of strategic intelligence and asset management on enhancing competitive advantage: The mediating role of cybersecurity;Focus on Threat Intelligence and Predictive Analytics (CTI);Aplicación de análisis forense digital para lecciones aprendidas y mejora de procesos;Strategic intelligence and asset management positively impact competitive advantage in Jordanian telecom companies, with cybersecurity playing a mediating role.;Companies utilize competitive advantage as a tool to assist them gain more value for their products at a cheaper cost without sacrificing quality to provide greater features and services. Companies and services must use cybersecurity tools, training, and risk management strategies, as well as regularly upgrade systems as technology changes and evolves, to secure organizations, employees, and individuals. As a result, with the mediating function of cybersecurity, this study clarified the influence of strategic intelligence and asset management on boosting competitive advantage. A questionnaire was designed, and 300 questionnaires were collected out of 350 distributed to respondents working in Jordanian telecom companies. The study found a positive impact of both strategic intelligence and asset management on enhancing competitive advantage through the presence of the mediating role of cybersecurity.;Uncertain Supply Chain Management;23;22916822, 22916830;10.5267/j.uscm.2023.4.018;http://www.growingscience.com/uscm/Vol11/uscm_2023_77.pdf;2023;12/4/2026 22:50;12/4/2026 22:50;12/4/2026 22:50;1041-1046;3;11;10.5267/j.uscm
MLVKWCWH;journalArticle;2023;"Kitsios, Fotis; Chatzidimitriou, Elpiniki; Kamariotou, Maria";The ISO/IEC 27001 Information Security Management Standard: How to Extract Value from Data in the IT Sector;Governance and adaptive leadership in cybersecurity;Implementación de auditorías regulares y externas en ciberseguridad;ISO 27001 certification in the IT sector enhances data privacy, accessibility, and authenticity, making companies more resilient against information security threats and cyberattacks.;In order to handle their regulatory and legal responsibilities and to retain trustworthy strategic partnerships, enterprises need to be dedicated to guaranteeing the privacy, accessibility, and authenticity of the data at their disposal. Companies can become more resilient in the face of information security threats and cyberattacks by effectively integrating security strategies. The goal of this article is to describe a plan that a corporation has implemented in the information technology industry in order to ensure compliance with International Organization for Standardization (ISO) 27001. This research demonstrates an examination of the reasons that force enterprises to make a investment in ISO 27001 in addition to the incentives that might be acquired from having undergone this process. In addition, the research examines the reasons that push firms to make an investment in ISO 27001. More particularly, the research investigates an international IT consulting services institution that is responsible for the implementation of large-scale business assistance insertion and projects. It demonstrates the risk management framework and the administrative structure of the appropriate situations so that its procedures are adequate and also in line with the guidelines founded by ISO 27001. In conclusion, it discusses the problems and difficulties that were experienced.;Sustainability;57;2071-1050;10.3390/su15075828;https://www.mdpi.com/2071-1050/15/7/5828;2023;12/4/2026 22:51;12/4/2026 22:51;12/4/2026 22:51;5828;7;15;Sustainability
EYJMMJRT;journalArticle;2022;"Creazza, Alessandro; Colicchia, Claudia; Spiezia, Salvatore; Dallari, Fabrizio";Who cares? Supply chain managers’ perceptions regarding cyber supply chain risk management in the digital transformation era;Organizational culture and internal awareness;Diseño de programas específicos de gestión del cambio en seguridad;Logistics Service Providers can play a crucial role in orchestrating cyber supply chain risk management, improving cyber resilience in the FMCG industry.;"
Purpose
The purpose of this paper is to explore the perceptions of supply chain managers regarding the elements that make up cyber supply chain risk management (CSCRM) and the related level of alignment, to understand how organizations can deploy a CSCRM strategy that goes beyond the technical, internal functioning of single companies and moves beyond the dyad, to create a better alignment that can ultimately lead to improved cyber supply chain resilience.


Design/methodology/approach
An exploratory survey in the fast-moving consumer goods (FMCG) industry involving over 100 organizations in Italy was conducted. Results were analysed through one-way analysis of variance, to appraise the differences in the perceptions of the various actors of the FMCG supply chain (Manufacturers, Logistics Service Providers, Retailers).


Findings
While a certain degree of alignment of the perceptions across the FMCG supply chain exists, the study found that Logistics Service Providers can play a crucial role as orchestrators of the CSCRM process towards a more “supply chain-oriented” response to cyber threats and risk events. The research also highlights the necessity to see people as key elements for improving cyber resilience in the supply chain.


Research limitations/implications
Through a vertical analysis of a supply chain, the study extends the existing theory on CSCRM, which contains isolated case studies. It also contributes to extending the current theory with the proposal of the paradigm of Logistics Service Providers as orchestrators of the CSCRM process. The study combines different classifications of CSCRM initiatives and embraces theories external to the supply chain literature.


Practical implications
Through the empirical analysis, this study helps practitioners in streamlining the design of cyber security strategies and actions that span across the supply chain for better alignment. This could mean more coordination of efforts and more targeted/accurate investments in CSCRM initiatives. The study invites practitioners to ponder the perceived relevance of the human factor as a source of risk and the perceived importance of countermeasures aimed at mitigating risk events stemming from that source.


Originality/value
By focusing on an entire supply chain, this is one of the first studies on CSCRM that goes beyond the dyad. Its originality also lies in its use of the investigations of perceptions along the supply chain as pillars for the alignment of CSCRM strategies and mitigation initiatives. This original perspective allows for discovering the role of Logistics Service Providers in driving the alignment of the efforts towards better outcomes of the CSCRM process.
";Supply Chain Management: An International Journal;72;1359-8546, 1359-8546;10.1108/SCM-02-2020-0073;http://www.emerald.com/scm/article/27/1/30-53/346372;2021;12/4/2026 22:47;12/4/2026 22:47;12/4/2026 22:47;30-53;1;27;SCM
5XSP9VVQ;journalArticle;2022;"Wang, Chia-Nan; Yang, Fu-Chiang; Vo, Nhut T. M.; Nguyen, Van Thanh Tien";Wireless Communications for Data Security: Efficiency Assessment of Cybersecurity Industry—A Promising Application for UAVs;Governance and adaptive leadership in cybersecurity;Alineación constante de la estrategia de seguridad con los objetivos de negocio;The cybersecurity industry is generally more efficient than the wireless communication systems industry, with U1-Synopsys and U9-Fortinet showing the best performance.;The design of cooperative applications combining several unmanned aerial and aquatic vehicles is now possible thanks to the considerable advancements in wireless communication technology and the low production costs for small, unmanned vehicles. For example, the information delivered over the air instead of inside an optical fiber causes it to be far simpler for an eavesdropper to intercept and improperly change the information. This article thoroughly analyzes the cybersecurity industry’s efficiency in addressing the rapidly expanding requirement to incorporate compelling security features into wireless communication systems. In this research, we used a combination of DEA window analysis with the Malmquist index approach to assess the efficiency of the cybersecurity industry. We used input and output factors utilizing financial data from 2017–2020 sources from a US market. It was found that U1—Synopsys and U9—Fortinet exhibited the best performances when relating Malmquist and DEA window analysis. By evaluating ten big companies in the cybersecurity industry, we indicate that U2—Palo Alto Networks and U6—BlackBerry Ltd. companies needed significant improvements and that four other companies were generally more efficient. The findings of this study provide decision-makers a clear image and it will be the first study to evaluate and predict the performance of cyber security organizations, providing a valuable reference for future research.;Drones;49;2504-446X;10.3390/drones6110363;https://www.mdpi.com/2504-446X/6/11/363;2022;12/4/2026 22:56;12/4/2026 22:56;12/4/2026 22:56;363;11;6;Drones
WHFCCP9T;journalArticle;2023;"Yeoh, William; Liu, Marina; Shore, Malcolm; Jiang, Frank";Zero trust cybersecurity: Critical success factors and A maturity assessment framework;Governance and adaptive leadership in cybersecurity;Personalización de políticas de seguridad según la tipología de clientes;This paper presents a multi-dimensional critical success factors framework and maturity assessment framework for implementing zero trust cybersecurity, aiding organizations in planning, assessing, and managing their cybersecurity efforts.;Zero trust cybersecurity is beginning to replace traditional perimeter-based security strategies and is being adopted by organizations across a wide range of industries. However, the implementation of zero trust is a complex undertaking, different from traditional perimeter-based security, and requires a fresh approach in terms of its management. As such, a clear set of critical success factors (CSFs) will help organizations to better plan, assess, and manage their zero trust cybersecurity. In response, we investigated the CSFs for implementing zero trust cybersecurity by conducting a three-round Delphi study to obtain the consensus from a panel of 12 cybersecurity experts. We built a multi-dimensional CSFs framework that comprises eight dimensions, namely identity, endpoint, application and workload, data, network, infrastructure, visibility and analytics, and automation and orchestration. Based on the CSFs, we developed a maturity assessment framework enabling organizations to evaluate their zero trust maturity. This paper contributes to a theoretical understanding of how to deploy zero trust from multiple dimensions and offers a viable guidance framework for organizations from a practical perspective. This paper is useful for organizational stakeholders who are in the process of planning, reviewing, or implementing zero trust cybersecurity.;Computers & Security;52;01674048;10.1016/j.cose.2023.103412;https://linkinghub.elsevier.com/retrieve/pii/S016740482300322X;2023;12/4/2026 22:56;12/4/2026 22:56;12/4/2026 22:56;103412;;133;Computers & Security
